,symbol,index,AnnualReturn,AnnualVolatility,SharpeRatio,StratCumReturn,BenchCumReturn,Beta,MaximumDrawdown,MaximumDrawdownStart,MaximumDrawdownEnd
379,512610.SH,000933.SH,-0.868461856,0.282193997,-3.07753484,1.114361322,1.122974868,0.999798127,0.888706973,20171225,20161230
589,165707.OF,399007.SZ,-5.948756422,1.933406301,-3.076826853,1.06542121,1.124434556,0.994709828,7.069031368,20171122,20161230
360,161507.OF,000918.SH,-8.669834777,2.943257093,-2.94566003,1.182228421,1.26824575,0.978901807,10.41592564,20171226,20170109
505,159918.SZ,399624.SZ,-0.674627829,0.237565354,-2.839756796,0.875025015,0.88171603,0.999905468,0.679551221,20171221,20161230
69,161910.OF,000958.SH,-7.571524662,2.734514214,-2.768873762,0.97542064,1.050537554,0.990607149,9.03849691,20171211,20170116
393,370023.OF,000806.SH,-3.833608482,1.389704024,-2.758579105,1.201719044,1.239746106,0.996653793,4.278587951,20171221,20161230
385,410010.OF,399005.SZ,-7.931932197,2.999826596,-2.644130233,1.073529412,1.152223149,0.99468942,11.09735944,20171113,20170116
2,512010.SH,000913.SH,-1.684277069,0.650226366,-2.590293406,1.228378686,1.245084185,0.999521319,1.76488234,20171225,20170113
421,163209.OF,000958.SH,-6.727442267,2.711598549,-2.48098756,0.983797194,1.050537554,0.990123432,8.415958283,20171121,20170116
17,000376.OF,000814.SH,-3.714994008,1.542610307,-2.408251774,1.166524338,1.203374633,0.997594616,4.096749933,20171222,20170118
528,501002.SH,930659.CSI,-8.577858313,3.600635855,-2.38231764,0.938755981,1.023860428,0.977483667,9.406689616,20171227,20161231
288,164811.OF,399330.SZ,-4.082746018,1.749237171,-2.334015127,1.206899178,1.247397959,0.996210742,4.649766151,20171121,20170116
225,502026.SH,399429.SZ,-4.402071443,1.999844681,-2.201206667,0.92664437,0.970311288,0.996396334,5.787908422,20171010,20161230
353,160219.OF,399394.SZ,-2.910774875,1.33547053,-2.1795875,1.11199095,1.140862945,0.998226031,3.239689235,20171116,20161230
187,150248.SZ,399971.SZ,-45.24423286,21.93386028,-2.062757411,0.3625,0.812225029,0.928226369,90.88047366,20171127,20170104
189,512120.SH,000814.SH,-1.267878747,0.636469557,-1.992049317,1.190799397,1.203374633,0.998889871,1.55128804,20171221,20170718
159,050021.OF,399703.SZ,-3.109377542,1.595948329,-1.94829462,1.23915415,1.269996342,0.999339267,3.673263424,20171121,20170119
388,168001.OF,399812.SZ,-3.009677511,1.56028861,-1.928923592,1.042467647,1.072320781,0.992530187,3.264667381,20171211,20161230
228,206005.OF,000049.SH,-2.573921561,1.341104917,-1.919254435,1.162650602,1.188180987,0.996272086,2.89879755,20171226,20161230
8,161227.SZ,399330.SZ,-5.167971693,2.69538094,-1.917343711,1.196131927,1.247397959,0.991110237,6.494299126,20171121,20161230
328,519032.OF,000064.SH,-3.915186156,2.048323193,-1.911410353,1.123943662,1.162780059,0.991332297,4.816833505,20171113,20161230
238,001713.OF,399612.SZ,-4.578930721,2.442714715,-1.874525377,1.05362776,1.099049397,0.991078532,5.51815529,20171121,20170116
147,163821.SZ,000984.SH,-1.807777118,0.967012624,-1.869445211,1.042283298,1.060213825,0.998354843,2.129887929,20171122,20161230
152,450008.OF,000300.SH,-7.140860715,3.822093435,-1.868311394,1.134930448,1.205773436,0.941086904,9.537747479,20171221,20170413
283,161223.OF,000958.SH,-4.889646258,2.757283726,-1.773356224,1.002033071,1.050537554,0.989613028,6.698903029,20171122,20170118
602,150304.SZ,399673.SZ,-55.47541635,31.52633431,-1.759653241,0.301101591,0.852884836,0.885532501,133.6828916,20171218,20170104
300,160221.OF,399395.SZ,-3.60110813,2.049084746,-1.757422741,1.088043327,1.123763778,0.998165293,4.080286394,20170918,20161230
295,150308.SZ,399804.SZ,-37.84330261,21.63954071,-1.748803411,0.309939148,0.685938141,0.942676871,67.32123191,20170601,20170104
386,161812.OF,399330.SZ,-2.971427914,1.74907769,-1.698854162,1.217924271,1.247397959,0.996312034,3.389663906,20171121,20161230
417,150234.SZ,399810.SZ,-40.87105571,24.18393593,-1.690008435,0.362546125,0.768697521,0.92903337,76.2842806,20171127,20170224
594,512230.SH,000933.SH,-1.575384305,0.934708047,-1.685429274,1.107349492,1.122974868,0.99786798,2.240292746,20171122,20170718
582,160807.SZ,000300.SH,-2.486269774,1.483023527,-1.676487075,1.181112549,1.205773436,0.994097575,2.700538848,20171122,20161230
73,519027.OF,000063.SH,-2.90813287,1.74068839,-1.670679765,1.192949907,1.221795693,0.996122733,3.274977435,20171122,20161230
115,160420.OF,399673.SZ,-16.38793206,9.912651968,-1.653233878,0.690236427,0.852884836,0.864461865,22.36374636,20171116,20170116
140,001243.OF,h30537.CSI,-2.262754781,1.37022669,-1.651372577,1.108280982,1.130724653,0.99756851,3.11998617,20171121,20170424
426,000656.OF,000300.SH,-6.56910007,4.065560864,-1.61579184,1.140604371,1.205773436,0.942105382,8.933108112,20171122,20161230
106,590007.OF,000009.SH,-5.556760024,3.44476795,-1.613101406,0.936508836,0.991632543,0.969402597,6.606715423,20170920,20161230
214,160640.OF,399808.SZ,-2.606865336,1.640480731,-1.589086227,1.047744858,1.073602042,0.99625187,2.802130293,20171222,20161230
428,002976.OF,000990.SH,-3.257236576,2.069944861,-1.573586155,1.238285145,1.270594165,0.997092991,3.897628397,20171121,20170717
65,519300.OF,000300.SH,-2.355783321,1.539252717,-1.530472089,1.182406949,1.205773436,0.994341577,3.231685482,20171122,20170112
355,165806.SZ,399330.SZ,-4.667567997,3.071436249,-1.519669503,1.201096892,1.247397959,0.981707694,5.161091609,20171129,20161230
314,161819.OF,000944.SH,-3.574525762,2.399297611,-1.489821749,1.159239544,1.194696276,0.995907521,4.025224001,20170913,20161230
445,164821.OF,399808.SZ,-2.358103466,1.596175239,-1.477346226,1.05021254,1.073602042,0.996991484,2.445433635,20171222,20161230
172,159942.SZ,399612.SZ,-0.934482504,0.63318467,-1.475845117,1.089781022,1.099049397,0.999362977,1.320381386,20171122,20170717
531,150075.SZ,000958.SH,-10.45815617,7.150814623,-1.462512556,0.946769334,1.050537554,0.989397008,13.31407607,20171227,20170324
427,150260.SZ,399992.SZ,-24.06625702,16.46174012,-1.461950975,0.657544379,0.896486764,0.979947257,36.23139487,20171227,20170407
80,150204.SZ,399971.SZ,-24.92835906,17.23826148,-1.446106331,0.56471271,0.812225029,0.973671413,36.55612877,20171130,20170307
63,160415.SZ,399007.SZ,-3.860210695,2.671014389,-1.445222725,1.086143573,1.124434556,0.984189583,4.105829905,20171222,20170116
94,501023.SH,930746.CSI,-9.355232261,6.69602799,-1.397131594,1.187089605,1.279909853,0.898542363,12.03564179,20171006,20170103
157,164818.OF,399971.SZ,-7.831387463,5.62964783,-1.391097223,0.734529148,0.812225029,0.921174091,11.01559582,20171121,20170428
397,150121.SZ,000918.SH,-22.08399964,15.93732904,-1.385677586,1.049005454,1.26824575,0.021320002,44.60076932,20171121,20170508
26,167301.OF,399809.SZ,-9.781547549,7.265961212,-1.346215217,1.421502565,1.518554423,0.987719036,18.90520404,20171121,20170424
414,164907.OF,399805.SZ,-1.670068879,1.241287416,-1.345432861,0.886819901,0.903384467,0.997086912,2.285120003,20171211,20170614
599,162509.OF,000903.SH,-1.798671829,1.338457172,-1.343839658,1.272650008,1.290490217,0.996785141,2.194575647,20171122,20161230
564,162907.OF,000966.SH,-2.179725622,1.622685328,-1.343283004,1.00646194,1.028081991,0.996889242,2.784253502,20171009,20170119
448,001559.OF,000979.SH,-2.387612058,1.786267502,-1.336648657,1.058909574,1.082591795,0.998649915,2.80254894,20170913,20161230
313,160635.SZ,000933.SH,-2.171700137,1.630883315,-1.331609758,1.101434426,1.122974868,0.994966796,2.927768522,20171025,20161230
108,150326.SZ,399807.SZ,-14.55868928,11.04156974,-1.318534377,0.738898757,0.88338,0.993439911,22.75638874,20171225,20170411
535,502032.SH,399807.SZ,-13.04184951,9.9703289,-1.308066127,0.753960857,0.88338,0.993556067,21.32456968,20171225,20170411
357,740101.OF,000969.SH,-4.180782203,3.215405879,-1.300234671,1.184057872,1.225529295,0.970482602,5.442012527,20171121,20170215
453,161718.OF,000828.SH,-2.166337497,1.692991183,-1.279591719,0.918882018,0.940369264,0.99423367,3.089274436,20171113,20170508
345,F161604.OF,399004.SZ,-26.92451644,21.23551902,-1.267900088,1,1.267358724,,62.13283785,20171121,20170116
471,510120.SH,000064.SH,-1.665331792,1.314134466,-1.267246111,1.146262481,1.162780059,0.994110665,2.219493863,20171110,20170804
57,001899.OF,h30372.CSI,-3.073146046,2.436518447,-1.26128577,1.007614213,1.038096976,0.996236363,4.844543854,20171113,20170116
96,150318.SZ,399805.SZ,-17.34894906,13.80937007,-1.256317194,0.731190392,0.903384467,0.995553834,22.55879627,20171227,20170104
260,150076.SZ,000300.SH,-16.20128868,12.96110332,-1.24999302,1.044978829,1.205773436,0.065496988,32.10258023,20171122,20170510
373,161607.SZ,399313.SZ,-3.43947891,2.753739935,-1.249020965,1.229719418,1.263836388,0.973969192,4.210813053,20171122,20170222
91,150182.SZ,399967.SZ,-20.52139488,16.5430954,-1.240480961,0.605008975,0.80872111,0.994876968,33.63746031,20171227,20170411
522,165524.OF,399996.SZ,-2.365005454,1.90844992,-1.239228459,0.931752261,0.955210229,0.99665257,3.561611923,20171121,20170601
134,470068.OF,399007.SZ,-1.29247179,1.043699694,-1.238356011,1.111615385,1.124434556,0.999110338,1.611810541,20171221,20170718
305,150344.SZ,399975.SZ,-15.42474943,12.85071022,-1.200303265,0.717272988,0.870355124,0.997961186,19.83632063,20171227,20170901
45,163109.OF,399001.SZ,-1.24668676,1.040893703,-1.197708043,1.059764644,1.07212968,0.999061061,1.933010429,20171121,20170116
472,161123.OF,399992.SZ,-2.628298161,2.211260914,-1.188597033,0.870416966,0.896486764,0.98288258,4.346290004,20171114,20170421
178,150264.SZ,000852.SH,-30.58310941,25.84524854,-1.183316514,0.513903193,0.817648424,0.991511414,51.18227343,20171227,20170316
376,150153.SZ,399006.SZ,-25.24658093,21.35080136,-1.182465263,0.638816362,0.889492246,0.989679519,35.86026048,20171227,20170104
181,150244.SZ,399006.SZ,-23.99366864,20.53376428,-1.1684983,0.651271406,0.889492246,0.987675417,33.45296578,20171227,20170104
549,150222.SZ,399959.SZ,-32.78143301,28.47566842,-1.151208552,0.48590604,0.811522214,0.982296028,64.26037885,20171225,20170411
171,001593.OF,399006.SZ,-2.071746595,1.823715276,-1.136003313,0.868943299,0.889492246,0.993539737,2.887785179,20171116,20170710
83,510070.SH,000049.SH,-1.082027335,0.954290132,-1.133855731,1.177449168,1.188180987,0.996956332,1.770141227,20171226,20170911
558,159929.SZ,000933.SH,-0.312352525,0.277099291,-1.127222389,1.119876976,1.122974868,0.999761138,0.449272149,20171221,20170809
236,159911.SZ,399337.SZ,-0.584000071,0.521863207,-1.119067341,1.118754585,1.124546725,0.999483208,0.95043807,20171122,20170718
310,165521.OF,000974.SH,-2.168650193,1.948434486,-1.113021869,1.142237192,1.163747379,0.9928467,2.784784581,20171122,20170811
476,150206.SZ,399973.SZ,-35.14450501,31.68618176,-1.109142947,0.444759207,0.793891954,0.962671074,91.48257062,20171227,20170411
529,159932.SZ,399802.SZ,-0.693657127,0.62756021,-1.105323626,0.969506609,0.976386364,0.999267889,1.137356481,20171219,20170302
177,150091.SZ,000958.SH,-15.40933113,14.14136168,-1.089663887,0.897608544,1.050537554,0.990531398,21.63474677,20171227,20170324
319,519706.OF,399348.SZ,-1.914635047,1.757161684,-1.089618027,1.284249084,1.303239571,0.998184433,2.802843911,20171121,20170116
179,150187.SZ,399967.SZ,-25.20734158,23.46776469,-1.074126228,0.558435325,0.80872111,0.988648225,46.92006913,20171227,20170411
168,510520.SH,000905.SH,-0.831914478,0.775867958,-1.072237188,0.977304791,0.985555842,0.999749868,1.055501015,20171009,20170116
118,206010.OF,399337.SZ,-1.492960653,1.396992067,-1.068696586,1.109738914,1.124546725,0.999083402,2.643032701,20171121,20170116
48,150302.SZ,399975.SZ,-14.12145294,13.2842552,-1.063021805,0.730215827,0.870355124,0.998656129,19.57340471,20171227,20170901
340,519034.OF,000977.SH,-2.621245418,2.478698476,-1.057508786,1.169985775,1.19598561,0.992191667,4.041541527,20171113,20161230
237,159949.SZ,399673.SZ,-0.368844928,0.349674352,-1.054824083,0.849226647,0.852884836,0.999808823,0.517939636,20171220,20170109
139,164906.SZ,h11136.CSI,-9.406839726,8.932780935,-1.053069564,1.5,1.593332496,0.940590008,12.85993732,20171006,20170105
180,001600.OF,930599.CSI,-1.31059027,1.250387803,-1.048147036,1.036223681,1.049222567,0.998168686,2.186959992,20171113,20161230
452,160637.OF,399006.SZ,-2.209269815,2.110703359,-1.046698394,0.867579127,0.889492246,0.990609049,3.622513025,20171213,20170627
463,150224.SZ,399975.SZ,-14.65912935,14.03600045,-1.044395047,0.724876442,0.870355124,0.997082543,20.71644565,20171227,20170901
231,150018.SZ,399330.SZ,-20.48892647,19.62558301,-1.043990717,1.044008447,1.247397959,0.035524744,48.11569285,20171121,20170116
286,150172.SZ,399707.SZ,-12.64617656,12.25676356,-1.031771275,0.746207701,0.871698199,0.998826328,17.42303537,20171227,20170901
263,502055.SH,399975.SZ,-15.26339102,14.84010614,-1.028523036,0.718875502,0.870355124,0.997244688,20.70350054,20171227,20170901
281,502038.SH,399805.SZ,-13.80440882,13.47726905,-1.024273447,0.766393443,0.903384467,0.996596654,17.40159148,20171227,20170104
31,001587.OF,000903.SH,-1.090340588,1.065050851,-1.023745097,1.279675942,1.290490217,0.998350366,1.603357693,20171122,20161230
23,150201.SZ,399975.SZ,-32.626607,31.8784445,-1.023469229,0.546279492,0.870355124,0.993991828,54.01994918,20171227,20170221
508,168203.OF,399440.SZ,-3.224579091,3.18968492,-1.010939692,1.101356744,1.133341786,0.992592019,6.194947332,20170613,20170222
197,150195.SZ,399970.SZ,-22.88207318,22.71734087,-1.00725139,0.803674352,1.030846373,0.924168216,39.81685541,20170717,20170307
259,003475.OF,000300.SH,-3.880547292,3.889276078,-0.997755678,1.167280693,1.205773436,0.937594297,5.065094362,20170407,20161231
16,001561.OF,399970.SZ,-1.131809993,1.135060961,-0.997135864,1.019620775,1.030846373,0.999210696,2.400290345,20171113,20170614
250,502005.SH,399967.SZ,-16.4298287,16.62133664,-0.988478187,0.645656566,0.80872111,0.993736653,29.77169077,20171227,20170411
368,150146.SZ,000828.SH,-28.0896543,28.4364544,-0.987804383,0.661424332,0.940369264,0.990431724,44.54628213,20171225,20170413
442,150262.SZ,399989.SZ,-15.19250842,15.71105144,-0.966995015,0.699494949,0.850270616,0.996742372,22.30175966,20171205,20170104
62,150336.SZ,399967.SZ,-35.50720544,37.29481156,-0.952068235,0.455978261,0.80872111,0.97338754,80.29715993,20171205,20170411
408,161213.SZ,000963.SH,-1.631625697,1.716292608,-0.95066872,1.202416918,1.21860016,0.993046105,2.547252427,20171121,20170707
297,502028.SH,399429.SZ,-20.565358,21.89704459,-0.939184186,0.766162311,0.970311288,0.991198214,38.51852835,20170601,20170324
293,519117.OF,000966.SH,-1.227898954,1.352469229,-0.907894189,1.015903308,1.028081991,0.998878237,1.971029633,20171114,20170601
533,150332.SZ,399805.SZ,-27.25778074,30.33257634,-0.898630582,0.632711897,0.903384467,0.984605074,43.09530626,20170601,20170104
68,161022.OF,399006.SZ,-1.722092651,1.947667946,-0.884181852,0.872411646,0.889492246,0.992497781,3.249446277,20171116,20170630
201,460300.OF,000300.SH,-1.123622012,1.300108651,-0.864252392,1.194629052,1.205773436,0.994421623,2.108981688,20171122,20170726
538,320014.OF,000067.SH,-2.424976125,2.838480126,-0.854322038,1.070046083,1.094098948,0.997360561,5.268851045,20171113,20170601
387,161031.OF,399803.SZ,-2.05228482,2.403827499,-0.853757111,0.945989593,0.966345489,0.994944107,4.635400261,20171013,20170116
575,164819.OF,000827.SH,-1.122763746,1.338618514,-0.838748108,0.972155726,0.983291598,0.997826165,2.10704467,20171113,20170119
194,070023.OF,399702.SZ,-1.088967937,1.300048717,-0.837636254,1.312619083,1.323419743,0.999049589,1.514485453,20171121,20170811
290,164401.OF,h30344.CSI,-1.125028638,1.346909735,-0.835266543,1.015907792,1.027066128,0.996618186,1.950589115,20170705,20170123
365,168204.OF,399998.SZ,-4.183601456,5.011117918,-0.834863901,1.063286264,1.104785658,0.987776092,7.471444387,20170913,20170808
12,150312.SZ,399996.SZ,-16.15668732,19.3629011,-0.834414597,0.794858612,0.955210229,0.996567696,21.88668063,20171227,20170316
28,161035.SZ,930791.CSI,-3.770106628,4.593965015,-0.820665071,1.029978587,1.067375649,0.938448389,6.475542886,20171106,20170109
516,164304.OF,000827.SH,-0.994660478,1.243238591,-0.800055987,0.973426341,0.983291598,0.998319544,1.366253096,20171226,20170717
447,162307.SZ,000903.SH,-1.13752625,1.428035756,-0.796567065,1.279207921,1.290490217,0.995444266,1.524614843,20171205,20170811
267,510440.SH,000802.SH,-0.386786166,0.487443388,-0.793499667,0.993442623,0.997278755,0.999450696,0.789875603,20171227,20170627
542,502016.SH,399991.SZ,-1.646013213,2.103104641,-0.782658733,1.011020827,1.027346781,0.992434669,2.569184794,20171122,20170726
302,070030.OF,399624.SZ,-0.772600678,0.992164936,-0.778701857,0.874053281,0.88171603,0.999551334,1.591373043,20171113,20170717
175,150236.SZ,399975.SZ,-13.50611329,17.503115,-0.77164055,0.736326109,0.870355124,0.996950455,23.1708219,20171227,20170901
411,690008.OF,000944.SH,-1.525869243,1.978682195,-0.77115428,1.179562044,1.194696276,0.995917241,2.767358267,20170915,20170720
444,150278.SZ,399807.SZ,-16.53868145,21.72808548,-0.761166071,0.719234275,0.88338,0.98989446,35.32574789,20171225,20170406
113,502058.SH,399989.SZ,-9.763657493,13.17881265,-0.740860179,0.753396338,0.850270616,0.997973107,16.90907843,20170718,20170104
367,165525.SZ,399995.SZ,-1.512205043,2.0926649,-0.722621688,0.922948074,0.93794677,0.994996749,2.446239826,20170411,20170117
292,161725.OF,399997.SZ,-1.887262209,2.639956531,-0.71488382,1.701647705,1.720366671,0.998443242,5.670668767,20171121,20170804
103,159930.SZ,000928.SH,-1.690200319,2.380784682,-0.709934137,1.038737624,1.055501877,0.987896322,2.940907445,20170707,20161230
55,257060.OF,000066.SH,-1.441934902,2.102019004,-0.685976149,1.159312839,1.173614524,0.996616939,2.329426662,20170913,20161230
364,150316.SZ,399803.SZ,-13.36476217,19.71866876,-0.677772031,0.833720031,0.966345489,0.991966837,22.86800366,20170601,20170313
239,150056.SZ,000905.SH,-3.663079976,5.464360025,-0.670358461,0.949220579,0.985555842,0.995848844,6.114735049,20170601,20170316
449,150191.SZ,000827.SH,-7.554389894,11.2834302,-0.669511821,0.908344733,0.983291598,0.997386889,12.36271008,20170601,20170413
241,000613.OF,000300.SH,-0.895901244,1.348616918,-0.664311142,1.196887731,1.205773436,0.995420072,2.523604629,20171122,20170901
275,001632.OF,930653.CSI,-0.917483139,1.411103878,-0.650188234,1.338137472,1.347237238,0.998739851,2.845485403,20171116,20170717
539,510260.SH,000067.SH,-1.314985443,2.035088166,-0.646156498,1.081056466,1.094098948,0.994963694,2.812336572,20171113,20170601
510,162411.SZ,SPSIOPTR.SPI,-15.2413277,23.98863868,-0.635356091,0.848739496,1,,49.18032787,20170817,20170104
51,167503.OF,399991.SZ,-1.131966049,1.785894099,-0.633837163,1.016119635,1.027346781,0.994479737,1.80267615,20170411,20161230
540,159909.SZ,399610.SZ,-0.665427534,1.077570193,-0.617525929,1.189822635,1.196422399,0.999446419,2.309876933,20171121,20161230
341,003579.OF,000300.SH,-3.029418932,5.021413913,-0.603299984,1.175724461,1.205773436,0.896011293,7.372885436,20170601,20170210
61,150310.SZ,399994.SZ,-15.13054861,25.23540495,-0.599576216,0.789272031,0.939432361,0.99611827,34.23027515,20170717,20170105
605,161025.OF,399970.SZ,-0.901410053,1.511872354,-0.596221004,1.021906029,1.030846373,0.997475647,2.786955253,20171121,20170511
87,150174.SZ,000998.SH,-15.54017502,26.23728333,-0.592293601,0.767924528,0.922153017,0.992023924,26.70398552,20170718,20170316
276,263001.OF,000051.SH,-0.761184488,1.29380986,-0.588327939,1.033310201,1.04085972,0.995393663,1.757570653,20171113,20161230
459,150324.SZ,000827.SH,-17.46102618,30.20252203,-0.578131395,0.809984215,0.983291598,0.995036936,37.68635321,20170717,20170411
585,166007.SZ,000300.SH,-0.72705341,1.285659456,-0.565510102,1.198562444,1.205773436,0.993885875,2.416738202,20171108,20170807
120,160808.OF,000904.SH,-0.910803888,1.619578813,-0.562370834,1.049942135,1.058975652,0.991947302,1.853266811,20171122,20170629
592,660011.OF,000905.SH,-0.800239499,1.424371131,-0.561819516,0.977618958,0.985555842,0.997250243,1.151088396,20171113,20170601
32,161026.OF,399974.SZ,-0.766767068,1.386861899,-0.552879179,1.136667031,1.14427192,0.993415664,1.515240565,20170607,20161230
326,161816.OF,000971.SH,-0.598399663,1.138070805,-0.525801787,1.119546436,1.125481396,0.9962623,1.346135386,20171122,20170726
464,510580.SH,000905.SH,-1.649271617,3.146480755,-0.524163898,0.969197567,0.985555842,0.979553113,6.538475592,20170419,20161230
77,150214.SZ,000958.SH,-17.65285027,34.99287673,-0.504469821,0.875324675,1.050537554,0.988872767,40.64297204,20171227,20170911
128,F202017.OF,399001.SZ,-7.270516526,14.95444798,-0.486177526,1,1.07212968,,22.8910595,20171113,20170116
398,160629.OF,399971.SZ,-1.370905002,2.894822991,-0.47357127,0.798627887,0.812225029,0.980561277,4.044090766,20171201,20170707
279,150220.SZ,h30344.CSI,-5.47211978,12.05932988,-0.453766489,0.972782258,1.027066128,0.996020424,12.94108817,20170717,20170413
503,160223.SZ,399006.SZ,-0.721120336,1.596413772,-0.451712676,0.8823401,0.889492246,0.995247184,1.584808914,20171116,20170809
43,001351.OF,000905.SH,-0.839406268,1.891545979,-0.443767308,0.977230483,0.985555842,0.999709547,2.362548615,20171013,20170601
64,168201.OF,399991.SZ,-0.659694702,1.498428418,-0.440257735,1.020803878,1.027346781,0.997109588,1.42657865,20170411,20161230
405,502018.SH,399991.SZ,-4.720606566,10.91713147,-0.432403565,0.980519481,1.027346781,0.9915644,14.14493146,20171225,20170411
110,001481.OF,SPSIOPTR.SPI,-10.08833967,23.64571278,-0.426645615,0.899902818,1,,43.03278689,20170817,20170104
606,000059.OF,000978.SH,-0.634526692,1.494833361,-0.424479884,0.996837945,1.003131223,0.997559392,1.889618456,20171113,20170717
111,163117.OF,399810.SZ,-1.331908685,3.177859607,-0.419121311,0.755487179,0.768697521,0.972412974,5.32233295,20171201,20170707
27,233010.OF,399007.SZ,-1.240613384,2.980489817,-0.416244799,1.11212976,1.124434556,0.985610035,4.656046675,20171013,20170601
36,001884.OF,000300.SH,-0.530738933,1.288008269,-0.412061743,1.200509554,1.205773436,0.99381537,2.376899964,20171108,20170807
420,001016.OF,000300.SH,-0.999669331,2.47251119,-0.40431337,1.195858499,1.205773436,0.978557927,3.449742916,20171122,20170718
462,160224.OF,399610.SZ,-0.906014792,2.246287479,-0.403338754,1.187436382,1.196422399,0.994911558,4.064787466,20171121,20170508
296,150294.SZ,399807.SZ,-4.517139717,11.27312471,-0.40069988,0.838571429,0.88338,0.997187383,16.22251559,20171225,20170411
130,150095.SZ,000966.SH,-11.05574642,27.63570664,-0.400052966,0.918381439,1.028081991,0.994578329,32.65814585,20170601,20170411
579,160416.SZ,SPGOGUP.SPI,-4.334104179,11.1671937,-0.388110415,0.957007416,1,,21.46626249,20170821,20170103
59,040190.OF,000065.SH,-0.357788041,0.984328331,-0.363484448,1.142040816,1.145589342,0.996679379,1.468151734,20171122,20170811
486,150139.SZ,000842.SH,-5.499303507,15.22145281,-0.361286375,0.938873094,0.993426692,0.95479514,24.23874352,20170523,20170306
366,150266.SZ,399991.SZ,-3.172283534,8.849056215,-0.358488347,0.995880536,1.027346781,0.99688168,12.84246582,20170523,20170411
332,164809.OF,000905.SH,-0.558496532,1.594708879,-0.350218488,0.980016653,0.985555842,0.99592174,2.063243781,20170821,20170119
490,000179.OF,RMS.MI,-3.373426786,10.14334268,-0.332575453,0.966538308,1,,7.780320366,20171221,20170418
392,001618.OF,930652.CSI,-0.656979105,2.081554052,-0.315619527,1.172935888,1.179451857,0.996831878,3.320852169,20171113,20170104
530,165523.OF,399994.SZ,-0.489304044,1.579601005,-0.309764328,0.934579439,0.939432361,0.998146856,1.668234012,20171214,20170601
519,512600.SH,000932.SH,-0.362825104,1.20128683,-0.302030368,1.52472383,1.528322313,0.998612783,2.365501998,20171211,20161230
333,001555.OF,h30171.CSI,-0.285453693,0.965517002,-0.295648541,1.056329013,1.059160121,0.999106181,1.535551148,20170413,20170116
40,502012.SH,399975.SZ,-3.340746416,11.47086418,-0.291237553,0.837217641,0.870355124,0.998890771,12.92308557,20171227,20170901
561,150093.SZ,399007.SZ,-3.709201954,12.80699085,-0.289623222,1.087641723,1.124434556,0.992229727,10.14883705,20170510,20170324
104,150058.SZ,399008.SZ,-2.049023909,7.494122315,-0.273417463,1.013951979,1.034275529,0.981193495,6.550437432,20171227,20171113
372,150276.SZ,399991.SZ,-6.201684556,22.80724159,-0.271917344,0.96582365,1.027346781,0.989796651,33.61031573,20170523,20170411
500,481012.OF,399324.SZ,-0.603770365,2.236578944,-0.269952629,1.439651416,1.445639644,0.996488178,2.06100867,20171121,20170912
370,150185.SZ,000827.SH,-4.120592633,15.73794007,-0.261825411,0.942417332,0.983291598,0.997945061,17.12666333,20170601,20170411
342,164905.OF,399412.SZ,-0.451247633,2.070584144,-0.217932526,1.018553986,1.023029457,0.996233134,2.295389363,20171129,20170612
233,150328.SZ,399808.SZ,-2.659390148,12.46047741,-0.213426024,1.047223812,1.073602042,0.995773402,14.16485132,20170601,20170316
460,161028.OF,399976.SZ,-0.392352968,1.977115753,-0.198447141,1.035213715,1.039105059,0.998804984,2.022105937,20170920,20170601
251,159908.SZ,399703.SZ,-0.121149447,0.657814765,-0.184169547,1.268794799,1.269996342,0.999246856,0.676201554,20171221,20170829
430,290010.OF,000904.SH,-0.202538488,1.140481266,-0.177590368,1.056966898,1.058975652,0.997581912,1.492399853,20171121,20170718
318,150218.SZ,399412.SZ,-4.911797506,28.0103776,-0.175356347,0.974305191,1.023029457,0.989728906,36.45551147,20170601,20170407
434,150306.SZ,399812.SZ,-3.250727325,18.8830679,-0.172150381,1.040076336,1.072320781,0.991779201,15.43283457,20171130,20171110
454,159924.SZ,000984.SH,-0.109876344,0.661070962,-0.166209606,1.059124088,1.060213825,0.998555598,0.787329268,20171113,20170811
174,510170.SH,000066.SH,-0.170393288,1.028371754,-0.165692307,1.171924585,1.173614524,0.998517246,0.573841384,20171211,20170713
145,161033.SZ,930721.CSI,-0.350207374,2.320025016,-0.150949827,1.108994709,1.112468049,0.996243222,3.39127483,20171013,20170116
158,000827.OF,h30373.CSI,-0.193844988,1.348800835,-0.143716539,1.03018647,1.032109003,0.998303492,1.053683889,20171116,20170601
488,162010.OF,399008.SZ,-0.314649596,3.019374545,-0.10421019,1.031154854,1.034275529,0.979603771,2.468200462,20171215,20170116
484,150065.SZ,000904.SH,-0.75689518,7.644146596,-0.099016309,1.051468677,1.058975652,0.99086372,6.790057594,20170511,20170222
389,150280.SZ,399808.SZ,-2.030020131,21.63865384,-0.09381453,1.053467001,1.073602042,0.991521021,27.48499596,20170601,20170406
543,150212.SZ,399976.SZ,-2.682255939,29.3099669,-0.091513441,1.0125,1.039105059,0.993222335,36.82030354,20171225,20170913
247,001612.OF,930654.CSI,-0.10016976,1.10804934,-0.090401895,0.804473411,0.80546688,0.996146192,1.681296784,20171221,20170714
272,000248.OF,000932.SH,-0.136171587,1.518401016,-0.089680912,1.526971782,1.528322313,0.99912237,1.879992934,20171116,20170717
378,001591.OF,000827.SH,-0.087960905,1.003725349,-0.087634437,0.982419215,0.983291598,0.999176963,1.242070127,20171113,20170718
88,502023.SH,399440.SZ,-0.214496515,2.824425435,-0.075943416,1.131214431,1.133341786,0.993848599,4.364468634,20170612,20170222
24,161032.OF,399998.SZ,-0.3253334,4.322327523,-0.075268105,1.10155902,1.104785658,0.993887867,3.387727246,20170810,20170117
204,150290.SZ,399998.SZ,-2.644386528,45.54142254,-0.058065523,1.078556263,1.104785658,0.97513483,63.32322529,20171215,20170809
317,510110.SH,000063.SH,-0.049368057,0.909503536,-0.054280226,1.221306069,1.221795693,0.997774401,1.03255339,20170608,20161230
274,150274.SZ,399991.SZ,-1.018872035,21.40121428,-0.047608141,1.017241379,1.027346781,0.995112926,32.15166106,20170523,20170411
121,501030.SH,399806.SZ,-0.27182649,5.886710351,-0.046176298,0.923492349,0.926188302,0.954323076,8.467433554,20170413,20170116
573,150258.SZ,399993.SZ,-0.558208876,12.60134384,-0.044297567,0.992532006,0.998068342,0.995077933,11.74772114,20170717,20170324
552,530015.OF,399701.SZ,-0.046678695,1.742438125,-0.026789299,1.397116833,1.397579784,0.998618421,1.76221437,20170626,20170119
75,150197.SZ,399395.SZ,-0.465428468,20.32187217,-0.022902834,1.119147659,1.123763778,0.995166044,27.77613663,20171207,20170911
95,150073.SZ,000958.SH,-0.158806462,15.94521386,-0.009959507,1.048962532,1.050537554,0.064478676,20.22044499,20170911,20170116
216,310318.OF,000300.SH,-0.035955904,4.828571669,-0.007446489,1.205416832,1.205773436,0.910825817,7.417172432,20171121,20170731
245,161811.OF,000300.SH,-0.007622511,1.281591209,-0.005947693,1.205697837,1.205773436,0.995298904,1.067981698,20170609,20161230
0,501031.SH,399806.SZ,-0.029816341,5.882075306,-0.005069017,0.925892589,0.926188302,0.954370708,8.480386714,20170413,20170116
7,159912.SZ,399007.SZ,3.75E-05,0.366089503,0.000102357,1.124434927,1.124434556,0.999663409,0.419186815,20170413,20161230
160,502036.SH,399805.SZ,0.025086208,1.061473679,0.023633377,0.903633267,0.903384467,0.997776479,2.28927335,20171221,20170614
277,161825.OF,000842.SH,0.110423399,3.887357887,0.028405771,0.994521845,0.993426692,0.95667264,5.127943904,20170627,20161230
515,501025.SH,930793.CSI,0.42735689,9.261278112,0.046144483,1.161188562,1.156950193,0.809873334,7.025706428,20171004,20170908
343,000368.OF,h30124.CSI,0.059402923,1.239105279,0.047940174,1.226067073,1.225477928,0.995555245,1.514953807,20170601,20161230
479,163118.OF,000808.SH,0.065576884,0.978632075,0.067008721,1.115870153,1.115219776,0.999541133,1.305456699,20171106,20170804
524,501008.SH,930720.CSI,0.352933066,5.076957417,0.069516649,0.903523743,0.900023471,0.921917446,4.237253359,20170209,20170116
265,510150.SH,000069.SH,0.056545079,0.788660342,0.071697632,1.286732456,1.286171654,0.998721213,1.080696666,20171222,20170804
124,501006.OF,930719.CSI,0.095853486,1.322911642,0.072456453,0.932849184,0.931898531,0.995201269,1.491730439,20171225,20170804
252,161629.OF,399975.SZ,0.144817696,1.460515556,0.099155189,0.871791389,0.870355124,0.997221528,0.700296101,20171121,20170818
166,150252.SZ,399990.SZ,2.311270511,20.49754574,0.112758402,1.069484055,1.046563478,0.994321314,22.8435788,20171215,20170913
266,150023.SZ,399001.SZ,9.059607394,80.17815968,0.112993456,1.16194865,1.07212968,0.971113586,54.36755063,20171207,20171113
576,150288.SZ,399440.SZ,4.517151632,38.71515344,0.116676578,1.178133836,1.133341786,0.987999357,46.37524623,20170601,20170222
541,159946.SZ,000990.SH,0.068485182,0.570417215,0.120061562,1.271273386,1.270594165,0.999392279,0.789250223,20171225,20170815
264,501007.SH,930720.CSI,0.627196572,5.068540556,0.123743031,0.906243726,0.900023471,0.922122848,4.205271474,20170209,20170116
600,159915.SZ,399006.SZ,0.054050255,0.343882018,0.157176742,0.890028305,0.889492246,0.999735765,0.404277778,20171225,20170905
362,150322.SZ,399998.SZ,3.045600132,16.82250868,0.18104316,1.134987593,1.104785658,0.991556843,19.10089459,20171215,20170913
213,165520.OF,000823.SH,0.881413845,4.224426307,0.208646993,1.232823252,1.224081874,0.989002976,6.192150475,20170821,20170602
581,519180.OF,000010.SH,0.170982192,0.766934148,0.222942468,1.188405337,1.18670958,0.998515772,1.073153149,20171122,20170811
457,164820.OF,399807.SZ,0.313145844,1.383303756,0.22637533,0.88648568,0.88338,0.995492864,0.934201464,20170406,20170119
423,150008.SZ,000300.SH,1.444501451,6.029774232,0.239561449,1.220098878,1.205773436,0.893741158,7.342177243,20171016,20170414
480,002510.OF,000905.SH,0.988432616,4.034942749,0.244968189,0.99535853,0.985555842,0.96221609,5.373301938,20170913,20170601
72,150118.SZ,399393.SZ,7.367627414,29.99901795,0.24559562,1.127446897,1.054397777,0.992982542,30.30894839,20170523,20170413
577,003321.OF,SPGSCLP.SPI,4.43082649,17.29841131,0.25614066,1.043936202,1,,24.00796119,20170621,20161230
432,000180.OF,RMS.MI,2.507047762,9.735675295,0.25751144,1.024861878,1,,6.61313179,20170310,20170227
289,000961.OF,000300.SH,0.204229112,0.787196493,0.259438545,1.207798924,1.205773436,0.998695557,0.847584593,20170413,20161230
58,150246.SZ,399970.SZ,4.092530479,14.68100149,0.278763712,1.071428571,1.030846373,0.995803108,11.47844524,20171227,20171113
249,161129.SZ,SPGSCLP.SPI,4.876018877,17.29664827,0.281905419,1.048349885,1,,23.77700521,20170621,20161230
557,164402.OF,399959.SZ,0.484866143,1.714569812,0.282791718,0.816330928,0.811522214,0.995793412,1.191693228,20171215,20171031
446,002987.OF,000300.SH,0.310402917,1.081996812,0.286879697,1.208851913,1.205773436,0.998163253,1.723105577,20171122,20170811
330,502013.SH,930620.CSI,0.642715752,2.221917591,0.289261742,1.119173085,1.112798921,0.98813151,1.796032035,20170420,20161230
320,150122.SZ,000918.SH,2.564489237,8.854606741,0.289622036,1.293677205,1.26824575,0.975029107,6.538369984,20171227,20171121
380,001361.OF,h30318.CSI,0.53862702,1.849953288,0.291157092,1.038062284,1.032720402,0.995910379,2.055593985,20171116,20170717
520,150060.SZ,000944.SH,3.330470453,11.01948542,0.302234662,1.227722772,1.194696276,0.994067744,13.08708789,20171207,20170911
132,163116.OF,399811.SZ,1.149993749,3.77402817,0.30471255,1.203942263,1.192537382,0.982710763,3.569132393,20171113,20170515
253,481009.OF,000300.SH,0.311516506,1.010921725,0.308150966,1.208862958,1.205773436,0.996494056,1.08644797,20171122,20170811
155,160630.OF,399973.SZ,0.481939979,1.550381251,0.310852559,0.798671648,0.793891954,0.998654573,1.234036076,20171227,20170601
11,510420.SH,000051.SH,0.200403834,0.628673122,0.318772709,1.04284727,1.04085972,0.99823165,0.62559216,20171122,20170811
475,001557.OF,h30165.CSI,0.589173173,1.789939494,0.32915815,1.013529184,1.007686019,0.992682502,1.155554116,20171227,20171220
244,501010.SH,930743.CSI,1.657188514,4.871390563,0.34018798,1.137284246,1.120849682,0.93425069,4.52997522,20170209,20170119
504,501005.SH,930719.CSI,0.46112096,1.309800124,0.352054448,0.936471754,0.931898531,0.995255215,1.331879284,20171225,20170804
562,165315.OF,399805.SZ,0.798182178,2.226139016,0.358550015,0.911300426,0.903384467,0.98936455,1.818929973,20171226,20171103
331,501009.SH,930743.CSI,1.766468905,4.866633781,0.362975515,1.138367917,1.120849682,0.934341186,4.508454099,20170209,20170119
307,150272.SZ,399441.SZ,4.874105889,13.403429,0.36364619,1.08411215,1.03578123,0.994461083,10.29363437,20170726,20170324
127,150131.SZ,399394.SZ,8.058448309,21.00244825,0.383690902,1.220759311,1.140862945,0.995990133,16.09023766,20170726,20170627
425,161720.OF,399975.SZ,0.693387597,1.75243285,0.395671422,0.877231813,0.870355124,0.997661018,0.947133152,20170719,20170522
280,502025.SH,399440.SZ,11.73616189,29.41510258,0.398984225,1.249684741,1.133341786,0.989484345,30.74748546,20170601,20170222
559,502002.SH,000982.SH,5.619196167,14.01561923,0.40092386,1.010355987,0.95463851,0.998502073,14.16329817,20170601,20170413
273,003194.OF,950096.CSI,0.375606715,0.88777929,0.423085692,1.004985459,1.001260321,0.997839716,0.668556798,20170613,20161230
163,519100.OF,000903.SH,0.483343657,1.087264874,0.444550053,1.295283832,1.290490217,0.996387946,1.320550375,20171226,20170822
93,512340.SH,000854.SH,0.186247585,0.415414566,0.448341487,1.147259003,1.145411849,0.999873441,0.665025716,20171215,20170523
323,150238.SZ,000827.SH,5.693664379,12.50542877,0.455295415,1.039747302,0.983291598,0.997450355,11.40920855,20170601,20170413
138,519677.OF,h30263.CSI,0.803524872,1.762724815,0.455842492,1.016568047,1.008599104,0.994269863,1.276721288,20171214,20170811
548,161024.OF,399967.SZ,0.705472957,1.529970287,0.46110239,0.815717653,0.80872111,0.998305961,1.467055342,20170411,20161230
193,502030.OF,399807.SZ,0.795671195,1.680566688,0.473454104,0.891271057,0.88338,0.995756779,1.254768589,20170407,20170217
478,150178.SZ,399966.SZ,5.085471928,10.40205684,0.488890996,1.138181065,1.087754695,0.997535421,9.284854082,20171227,20171121
221,161724.OF,399990.SZ,1.222838129,2.496708678,0.489780061,1.058690745,1.046563478,0.997244091,2.416958179,20170913,20170808
429,160638.OF,399991.SZ,0.634409788,1.26734677,0.500581058,1.033638572,1.027346781,0.996645639,0.82086218,20170411,20170113
19,150208.SZ,399983.SZ,17.97667199,34.20194867,0.525603736,1.266177986,1.088013207,0.987047058,38.37558597,20170510,20170411
53,040180.OF,000010.SH,0.413661651,0.777572551,0.531991067,1.190812127,1.18670958,0.99845746,1.020944535,20171122,20170810
182,160631.OF,399986.SZ,0.898526246,1.6317142,0.550663986,1.147494627,1.138583544,0.993541758,0.998567341,20171226,20170814
527,150101.SZ,000805.SH,8.615199594,15.42994539,0.558342844,1.199109415,1.113694929,0.994412265,14.35387952,20171117,20170911
334,150180.SZ,000935.SH,7.76679703,13.8774638,0.559669774,1.185578231,1.108572597,0.996495789,11.41840331,20171227,20171113
493,159913.SZ,399348.SZ,0.492424997,0.856231686,0.575107187,1.308123249,1.303239571,0.99854814,0.731582454,20170502,20161231
6,502015.SH,930620.CSI,12.69438613,21.47334142,0.591169575,1.238636364,1.112798921,0.985747493,25.55526636,20170523,20170411
566,160706.SZ,000300.SH,0.467532645,0.773668277,0.60430634,1.210410246,1.205773436,0.998985487,0.839923916,20171221,20170811
76,001027.OF,399814.SZ,2.051619503,3.292001822,0.623213356,0.987515605,0.967169741,0.964060026,3.684448793,20170620,20170119
384,162510.SZ,399101.SZ,1.403303799,2.236063945,0.627577669,0.990527437,0.976610538,0.989945083,1.980096779,20170327,20170116
162,003323.OF,SPGSCLP.SPI,10.81022099,17.16137709,0.629915708,1.107167711,1,,22.47667515,20170621,20170412
81,150029.SZ,000905.SH,4.265764542,6.748300009,0.632124318,1.027855564,0.985555842,0.986769541,7.389766648,20170601,20170413
597,100053.OF,000001.SH,1.486280815,2.250722263,0.660357273,1.070205479,1.055465727,0.970554642,2.733021575,20171113,20170717
437,150031.SZ,000971.SH,6.141840847,9.168694393,0.669870822,1.186379928,1.125481396,0.995362888,7.535931432,20171227,20171122
572,001051.OF,000016.SH,0.903387419,1.337380364,0.675490267,1.250656168,1.241696876,0.995263581,0.984372891,20170609,20161230
13,003262.OF,000300.SH,2.299480352,3.359136699,0.684545036,1.228577103,1.205773436,0.958515792,6.172677928,20170601,20170222
450,090012.OF,399326.SZ,1.000490198,1.459512647,0.68549608,1.102564103,1.092641839,0.997223694,0.8554506,20170407,20170116
47,150284.SZ,000808.SH,10.34517467,15.02893647,0.688350416,1.217779056,1.115219776,0.997215377,8.942238871,20171130,20171116
227,150158.SZ,000974.SH,9.625532183,13.94319773,0.690338929,1.259174964,1.163747379,0.990228804,10.97268397,20171227,20171122
455,510270.SH,000056.SH,0.671064114,0.969203073,0.692387522,1.151153813,1.144498511,0.995317859,0.752024993,20171225,20170727
89,168205.OF,399986.SZ,1.134426324,1.623106589,0.698922875,1.149834045,1.138583544,0.993938467,0.832883137,20170525,20161230
30,512220.SH,h30318.CSI,0.70112173,0.991061975,0.70744489,1.039673793,1.032720402,0.998413703,0.944338517,20171211,20170717
33,501012.SH,930641.CSI,2.120704727,2.957541774,0.717049797,0.99001996,0.968989037,0.968225281,2.68156218,20170224,20170116
391,002903.OF,000905.SH,0.856528581,1.150623733,0.744403715,0.99405043,0.985555842,0.999639154,0.979415451,20171010,20170601
235,001630.OF,930651.CSI,0.93948447,1.254250068,0.749040797,0.971490281,0.962173013,0.998584155,0.786467226,20171010,20170531
550,519686.OF,000021.SH,1.031338181,1.345739796,0.766372656,1.208791209,1.198563027,0.993516238,0.703017752,20170222,20161230
185,150226.SZ,399966.SZ,9.336919354,12.1119255,0.770886459,1.180322004,1.087754695,0.99738621,10.58152495,20171227,20171121
82,150107.SZ,399005.SZ,11.28565391,14.47796179,0.779505712,1.264102053,1.152223149,0.995492417,10.72986318,20171227,20171113
436,161124.SZ,HSHKSI.HI,9.962215407,12.67608992,0.785906022,1.098764182,1,,8.833204334,20171207,20171109
547,150113.SZ,399330.SZ,7.835429947,9.935214942,0.788652283,1.325083861,1.247397959,0.994825742,7.371844683,20171207,20171121
183,003366.OF,h30359.CSI,4.696685191,5.951537491,0.789154937,0.997002997,0.950431026,0.932248804,5.670025961,20170316,20170116
491,001455.OF,000905.SH,1.208709494,1.531282622,0.789344486,0.997542998,0.985555842,0.996938665,2.012328934,20170411,20170119
567,150216.SZ,399610.SZ,13.33942355,16.83774998,0.792233141,1.328650768,1.196422399,0.99313127,12.31448203,20171227,20171113
3,501011.SH,930641.CSI,2.34212533,2.952231123,0.793340776,0.992215569,0.968989037,0.968292144,2.647504021,20170223,20170116
395,002975.OF,000987.SH,1.345924905,1.69057427,0.796134739,1.055523972,1.042176082,0.997252516,1.185834111,20170918,20170622
195,150298.SZ,h30535.CSI,22.50809,27.77730464,0.810305042,1.319450698,1.096412202,0.990031177,20.52279126,20171227,20171121
188,159923.SZ,000903.SH,0.793074321,0.975267344,0.813186585,1.298355521,1.290490217,0.996836613,1.210397472,20171212,20170904
532,001092.OF,NBI.GI,14.58453809,17.40334717,0.838030636,1.144563919,1,,11.77753544,20171114,20171009
551,502053.SH,399975.SZ,1.269561431,1.49103967,0.851460532,0.882945736,0.870355124,0.998034589,0.761336767,20170720,20170523
400,150292.SZ,399986.SZ,17.06235302,19.78269386,0.862488857,1.307692308,1.138583544,0.991587372,17.03488345,20170505,20170221
299,660008.OF,000300.SH,0.938348414,1.081899187,0.867315943,1.215079438,1.205773436,0.996101884,1.385483954,20171121,20170907
153,150210.SZ,399974.SZ,12.43395127,14.16426696,0.877839376,1.267528931,1.14427192,0.9919862,11.68887692,20170511,20170413
223,001052.OF,000905.SH,1.303916017,1.483067367,0.87920215,0.998487141,0.985555842,0.997309145,1.033909785,20170411,20170119
54,165522.OF,000998.SH,1.673029236,1.875289962,0.892144292,0.938744666,0.922153017,0.994219787,1.258323971,20170821,20170717
359,160626.OF,000935.SH,1.289565384,1.44265275,0.893884813,1.121361584,1.108572597,0.997460308,1.80584615,20171116,20170622
451,161721.OF,399983.SZ,2.382865733,2.627753673,0.906807117,1.111643716,1.088013207,0.988957237,4.46443661,20170417,20170331
382,150228.SZ,399986.SZ,16.06469862,17.52557986,0.916642915,1.297810219,1.138583544,0.990587162,14.10831285,20170505,20170220
571,150151.SZ,000823.SH,20.19389258,21.96714038,0.919277258,1.424205078,1.224081874,0.985732914,25.69294761,20171207,20170911
50,160625.OF,399966.SZ,1.008356806,1.074075327,0.938813862,1.097754971,1.087754695,0.998663781,0.571796102,20170707,20170505
41,000051.OF,000300.SH,0.919408689,0.978030528,0.94006134,1.214891612,1.205773436,0.997157072,0.728158628,20171221,20170811
291,020011.OF,000300.SH,0.723358878,0.759201958,0.952788479,1.212947358,1.205773436,0.998590489,1.254444542,20171122,20170811
604,150300.SZ,399986.SZ,20.65275268,21.56124093,0.957864752,1.343250689,1.138583544,0.991705909,17.57081253,20170504,20170221
481,161217.SZ,000961.SH,3.28959974,3.415713529,0.963078347,1.210526316,1.177905059,0.985635624,2.893093765,20170821,20170721
15,159902.SZ,399005.SZ,0.366030429,0.380047242,0.963118236,1.155853315,1.152223149,0.999678777,0.338942354,20170505,20170116
337,163113.OF,399707.SZ,1.208260336,1.228379535,0.983621349,0.8836809,0.871698199,0.999404663,0.661267078,20170901,20170818
164,270027.OF,SPAGREDP.SPI,8.145180989,8.184104895,0.995243963,1.080756014,1,,4.074702886,20170905,20170807
141,161907.SZ,000922.SH,1.230201571,1.235002753,0.996112412,1.174533556,1.162333267,0.993929108,2.121427986,20170608,20161230
173,161118.OF,399005.SZ,0.922463581,0.914504327,1.008703352,1.161371621,1.152223149,0.998688425,0.987537341,20171221,20170807
595,000049.OF,SPGNRUT.SPI,10.62878893,10.14376782,1.04781469,1.105369807,1,,10.93585699,20170621,20170213
523,162711.SZ,000905.SH,1.172914328,1.118735335,1.048428785,0.997188022,0.985555842,0.999672031,0.831354775,20170913,20170601
348,050024.OF,000068.SH,2.237822257,2.119477737,1.055836642,1.169175196,1.14698293,0.997102872,1.522451764,20170809,20170717
240,150242.SZ,399986.SZ,16.58052253,15.40788034,1.076106652,1.302919708,1.138583544,0.990241688,12.75577921,20170508,20170222
410,150232.SZ,399811.SZ,17.80659305,16.48769935,1.079992585,1.369017632,1.192537382,0.995930304,14.21020947,20171227,20171113
169,960022.OF,000300.SH,2.630946977,2.433912983,1.08095359,1.231863867,1.205773436,0.976394255,1.805398712,20170606,20170303
242,160419.OF,399975.SZ,1.075740885,0.979485652,1.098271203,0.881023646,0.870355124,0.99940035,0.531619487,20171010,20170824
254,110020.OF,000300.SH,0.918595947,0.82878058,1.108370502,1.214883552,1.205773436,0.99899109,0.658923988,20171121,20170811
517,000313.OF,000300.SH,6.656497878,5.985871637,1.112034852,1.271773637,1.205773436,0.920321983,7.331951821,20171207,20170802
521,160717.SZ,HSCEI.HI,16.23673005,14.30167599,1.135302608,1.160930751,1,,8.091007001,20170505,20170321
112,150009.SZ,000300.SH,7.688829947,6.701854666,1.147268977,1.282006281,1.205773436,0.814245441,5.141961102,20171122,20171013
431,150176.SZ,HSCEI.HI,35.13967932,30.48241762,1.152785181,1.34805607,1,,15.93543046,20171207,20171122
418,110031.OF,HSCEI.HI,16.38453714,14.10388596,1.161703745,1.162394854,1,,6.876966096,20171207,20171122
536,002315.OF,000300.SH,2.947809366,2.535966448,1.162400776,1.235005737,1.205773436,0.974468395,2.239325461,20170905,20170726
350,160225.SZ,399417.SZ,2.512304659,2.150959325,1.16799264,1.134465303,1.109551298,0.998833493,1.559086886,20170920,20170811
25,000950.OF,h30035.CSI,1.45322242,1.243562981,1.168595755,1.209698558,1.195286634,0.998918354,1.048132134,20171121,20170928
468,161126.SZ,SP50035.SPI,11.09253892,9.468332126,1.171540961,1.109965295,1,,7.23855601,20170818,20170623
298,150193.SZ,399965.SZ,19.50447717,16.52776431,1.180103781,1.272447968,1.079152086,0.99344937,13.09739608,20170510,20170413
371,150019.SZ,399330.SZ,19.81063138,16.76999696,1.181313952,1.443725744,1.247397959,0.992416887,11.71266193,20171207,20171121
338,001539.OF,000934.SH,1.134252373,0.955183753,1.187470337,1.163056503,1.151807728,0.99864659,0.823057247,20171122,20170928
261,160119.SZ,000905.SH,0.895186513,0.74854996,1.195894143,0.994433804,0.985555842,0.999806227,0.504728105,20170307,20170119
495,510210.SH,000001.SH,2.453720887,2.045865081,1.19935616,1.079798826,1.055465727,0.972073228,2.104484946,20171106,20170717
422,159931.SZ,000934.SH,0.861483596,0.716545942,1.20227266,1.160351455,1.151807728,0.998400534,0.582124448,20171213,20170904
284,161831.SZ,HSCEI.HI,17.93947976,14.90229365,1.203806621,1.177796415,1,,7.587406187,20171207,20171122
102,163115.OF,399967.SZ,1.878703134,1.559365058,1.204787246,0.827352298,0.80872111,0.99748563,0.973509086,20170411,20161230
560,510900.SH,HSCEI.HI,18.12425182,14.89239169,1.217014178,1.179626453,1,,7.354163204,20171207,20171122
513,160922.SZ,HSMSI.HI,14.29712475,11.74349664,1.217450405,1.141716567,1,,7.474931632,20171207,20171109
14,161127.SZ,SPSIBI.SPI,24.89000407,20.3655743,1.222160677,1.246620607,1,,10.33180469,20170810,20170724
494,001426.OF,399416.SZ,1.423509325,1.148977921,1.238935317,1.164312957,1.150195687,0.996037145,1.156783108,20171113,20170804
482,161628.OF,399967.SZ,2.232236208,1.787004913,1.249149452,0.830857985,0.80872111,0.99616963,1.576691833,20170412,20161230
565,510810.SH,950096.CSI,0.829795703,0.66272012,1.252105796,1.009489796,1.001260321,0.997917679,0.426262473,20170515,20161230
584,096001.OF,SPXEWTR.SPI,9.54478809,7.584083823,1.258528823,1.094627383,1,,5.233731051,20170908,20170725
211,001093.OF,NBI.GI,21.48665151,17.05327177,1.259972385,1.212924606,1,,11.80304127,20171114,20171010
116,150296.SZ,399974.SZ,16.84385298,13.3371574,1.262926759,1.31121643,1.14427192,0.991427907,11.17556105,20170510,20170413
413,160806.SZ,000906.SH,1.358435923,1.0750899,1.263555655,1.152979066,1.139507108,0.996883431,0.906174857,20170413,20170113
363,161027.OF,399975.SZ,1.755904145,1.382302072,1.270275275,0.887768595,0.870355124,0.998437563,0.671589438,20170918,20170824
312,160418.OF,399986.SZ,1.804953667,1.419914286,1.271170862,1.156483409,1.138583544,0.995499249,0.85894578,20170222,20161230
499,150282.SZ,000934.SH,29.94170536,23.38251339,1.280516977,1.448430493,1.151807728,0.988456679,14.94876673,20171218,20171122
403,020021.OF,000018.SH,1.393736956,1.083068475,1.286841034,1.206429424,1.192607396,0.998174019,0.762607787,20171122,20170928
456,512210.SH,h30021.CSI,1.991656095,1.540542663,1.292827613,1.535706703,1.515955445,0.997679854,3.625655675,20171025,20170811
109,159910.SZ,399702.SZ,0.935134138,0.72029337,1.298268422,1.332693869,1.323419743,0.999062084,0.472857468,20171227,20170829
98,161029.OF,399986.SZ,2.24902807,1.726353544,1.302762159,1.160886927,1.138583544,0.992347534,1.297614388,20170601,20170112
219,160136.OF,399974.SZ,1.844181179,1.388006039,1.328655011,1.162560778,1.14427192,0.992704366,1.299407781,20171221,20170831
39,519981.OF,SPOEXEUP.SPI,8.832218488,6.612469218,1.335691433,1.087565358,1,,4.098851125,20170908,20170726
335,240019.OF,000028.SH,1.884245621,1.408660798,1.337614863,1.269035533,1.250349384,0.995524675,0.759116763,20170608,20161230
234,002199.OF,399967.SZ,2.357117407,1.737852087,1.356339486,0.832096301,0.80872111,0.995861162,0.919878361,20171109,20171031
196,163114.OF,000827.SH,1.485233415,1.091109396,1.361214027,0.998020963,0.983291598,0.999188317,0.594822722,20170918,20170718
443,150256.SZ,399986.SZ,24.70311172,17.83726242,1.38491609,1.38335396,1.138583544,0.992426899,13.36455338,20170504,20170221
396,161125.SZ,SP500.SPI,9.922319371,7.160119903,1.385775588,1.098368808,1,,4.408857256,20170908,20170726
248,000478.OF,000905.SH,3.362695257,2.420643825,1.389173914,1.018901851,0.985555842,0.985431806,2.140980001,20171121,20171016
269,270026.OF,399008.SZ,1.229806007,0.868185288,1.416524819,1.046471895,1.034275529,0.999664038,0.818593034,20171113,20170601
136,150054.SZ,000905.SH,15.64823305,10.91488692,1.433659658,1.140657084,0.985555842,0.979855413,10.78265775,20170523,20170413
125,502008.SH,399974.SZ,17.59751182,12.11838575,1.452133327,1.318681319,1.14427192,0.991901122,9.461074845,20170510,20170413
1,150250.SZ,399986.SZ,23.58776661,16.15689081,1.459919912,1.372311828,1.138583544,0.991155824,11.34793967,20170504,20170220
133,166802.OF,000300.SH,3.83743158,2.601125433,1.475296628,1.243826421,1.205773436,0.977883986,2.3744479,20170222,20161230
20,160716.SZ,000925.SH,1.874479533,1.269163874,1.476940505,1.275424427,1.256835122,0.995219491,1.17851056,20170601,20161230
71,160222.OF,399396.SZ,2.159583033,1.454099858,1.485168313,1.545878035,1.524461592,0.998555979,1.516186821,20171116,20170922
122,160814.OF,000934.SH,1.995475473,1.333592695,1.496315539,1.171596859,1.151807728,0.995435749,0.660063544,20170608,20170505
352,000369.OF,SPG120035.SPI,11.82212897,7.884317903,1.49944854,1.117194781,1,,6.145371298,20170818,20170622
469,160218.OF,399393.SZ,2.352263322,1.562136794,1.505798552,1.077724836,1.054397777,0.995641955,0.676379195,20170413,20170331
356,530018.OF,399330.SZ,4.429418755,2.909753801,1.52226582,1.291320204,1.247397959,0.982349325,1.846067547,20171113,20170811
10,164508.OF,000903.SH,3.911005117,2.473413284,1.581217802,1.329272662,1.290490217,0.97791508,2.198447602,20170601,20170411
465,399001.OF,000016.SH,2.317133658,1.457076739,1.590261924,1.264675592,1.241696876,0.992849323,1.358556297,20170322,20170103
375,000962.OF,000905.SH,1.356779059,0.848871373,1.598332918,0.999011369,0.985555842,0.999650894,0.732550352,20170413,20170116
105,162714.OF,399330.SZ,2.107407122,1.311360999,1.607038126,1.268297021,1.247397959,0.997757592,0.967986872,20170413,20170330
66,513030.SH,GDAXI.GI,18.03614611,11.21590022,1.608087247,1.17875383,1,,4.633920297,20170905,20170605
287,003720.OF,SPSIBI.SPI,32.45845677,20.1596993,1.610066514,1.321527778,1,,9.003939223,20171114,20171010
399,162415.SZ,IXY.SPI,13.65263573,8.438360474,1.617925161,1.135331517,1,,8.377896613,20170908,20170509
498,502040.SH,000016.SH,2.917959168,1.751109925,1.66634837,1.270633199,1.241696876,0.989994866,1.964482545,20170601,20170105
544,510190.SH,000065.SH,0.902545235,0.538559051,1.675851949,1.154540281,1.145589342,0.998507999,0.55738194,20171207,20170823
404,000008.OF,000905.SH,1.385295598,0.81799985,1.693515711,0.999294159,0.985555842,0.999683711,0.547351881,20170913,20170717
200,110033.OF,HSCEI.HI,23.41153965,13.81204974,1.695008351,1.231983528,1,,6.709080393,20171207,20171122
243,110032.OF,HSCEI.HI,23.41153965,13.81204974,1.695008351,1.231983528,1,,6.709080393,20171207,20171122
191,002974.OF,000993.SH,2.088158245,1.229103518,1.698927888,0.990452065,0.969743877,0.998919824,1.194921236,20171116,20170811
578,512310.SH,h30252.CSI,0.774221157,0.447282677,1.730943757,0.946610416,0.938932083,0.999559,0.658084863,20171219,20170717
563,700002.OF,399007.SZ,6.371607274,3.67563715,1.733470148,1.187610731,1.124434556,0.96680767,2.6120181,20170620,20170411
176,002978.OF,000991.SH,1.255054095,0.718140375,1.747644526,1.050507582,1.038060836,0.999801007,0.623999494,20171025,20170804
374,150268.SZ,399986.SZ,29.2382792,16.63833749,1.757283696,1.428244711,1.138583544,0.993251829,9.011171101,20171215,20171122
309,180033.OF,000050.SH,1.909528631,1.073156804,1.779356589,1.119377163,1.100440301,0.995522274,0.958079343,20170613,20161230
137,050025.OF,SPX.GI,12.74467142,7.125431001,1.788617618,1.126335672,1,,4.25041876,20170908,20170726
346,150168.SZ,000300.SH,24.01710746,13.28218214,1.808220006,1.443752374,1.205773436,0.99168901,8.72826107,20171207,20171122
154,513500.SH,SPX.GI,13.63718817,7.525420749,1.812149596,1.135178472,1,,4.353686481,20170908,20170726
70,502003.SH,399967.SZ,2.348237096,1.283888533,1.82900387,0.832008245,0.80872111,0.997835013,0.854953863,20171109,20171026
394,160632.OF,399987.SZ,3.298875987,1.8036093,1.829041348,1.453467443,1.420754211,0.997796655,1.950368439,20171218,20171128
526,519671.OF,000919.SH,2.393700746,1.288827223,1.857270473,1.338954469,1.315216521,0.996537523,0.891445055,20171121,20171010
208,002385.OF,000300.SH,4.633541516,2.45401546,1.888146832,1.251719395,1.205773436,0.976376647,1.558250321,20170606,20170303
212,150084.SZ,399330.SZ,25.71520588,13.60960037,1.889490153,1.5021876,1.247397959,0.995051169,9.962726257,20171207,20171121
501,159906.SZ,399326.SZ,1.862374866,0.985322659,1.890116753,1.111111111,1.092641839,0.998009943,0.592579927,20170104,20161230
406,100038.OF,000300.SH,5.160583693,2.70982404,1.904398078,1.256944444,1.205773436,0.96858597,1.590680187,20171122,20171026
184,150330.SZ,399809.SZ,31.13912959,16.32175035,1.907830283,1.827027027,1.518554423,0.982721837,7.955962148,20171201,20171121
419,161128.SZ,SP50045.SPI,21.451481,11.2378169,1.908865502,1.212576349,1,,5.802943658,20170703,20170602
507,150124.SZ,399550.SZ,23.42278279,12.21470309,1.917589205,1.668414322,1.43631948,0.98235609,14.65138168,20171207,20171121
126,000885.OF,SPAGREDP.SPI,14.73022108,7.671944403,1.920011448,1.146007151,1,,3.675163011,20170314,20170125
383,050013.OF,000043.SH,2.026208275,1.046114988,1.936888676,1.182995302,1.162901419,0.997018392,0.855198963,20170411,20161230
497,150149.SZ,000841.SH,36.09367985,18.32508103,1.969632756,1.499955709,1.142461708,0.989976278,9.855447671,20171130,20171106
402,160121.OF,FBRIC.FI,23.66113179,11.97362056,1.976105029,1.234454638,1,,6.453746575,20171206,20171122
203,002984.OF,000827.SH,1.538655183,0.775981807,1.982849558,0.998550725,0.983291598,0.999413018,0.451262475,20170707,20170601
509,502006.SH,399974.SZ,2.669955855,1.344128634,1.986384181,1.170749151,1.14427192,0.993161097,0.743912242,20171117,20170831
220,519116.OF,000300.SH,4.417446782,2.221239285,1.98873071,1.249576988,1.205773436,0.982467771,1.978392414,20171110,20170919
458,502048.SH,000016.SH,2.223166443,1.114778026,1.994268267,1.263743815,1.241696876,0.99694883,0.792025588,20170601,20170419
303,001397.OF,h30531.CSI,8.197401401,4.084949068,2.006732829,1.103558052,1.022284461,0.945202864,2.329856648,20170411,20170317
316,003719.OF,SP50035.SPI,17.83421022,8.856875315,2.013600687,1.176753783,1,,5.652173913,20170818,20170724
258,001241.OF,000905.SH,1.837271009,0.909840522,2.01933302,1.003776176,0.985555842,0.999688487,0.467335462,20170913,20170717
586,110030.OF,000300.SH,8.152586089,4.0177141,2.029160335,1.286602845,1.205773436,0.925462082,2.060904624,20171221,20171116
514,001551.OF,000978.SH,1.728684808,0.843950005,2.048326083,1.020274777,1.003131223,0.998967987,0.725109012,20170407,20170116
377,150013.SZ,000903.SH,13.03510862,6.343759085,2.054792505,1.419703521,1.290490217,0.994951956,4.557800293,20171215,20171122
590,159941.SZ,NDX.GI,23.92083086,11.39732223,2.098811491,1.23702577,1,,5.89456869,20170703,20170602
474,000834.OF,NDX.GI,21.95882777,10.30462269,2.130968638,1.2176,1,,5.29369108,20170703,20170602
596,161122.OF,399993.SZ,2.080693991,0.966922434,2.151872702,1.018702513,0.998068342,0.997238303,0.518959968,20170511,20170505
165,001549.OF,000016.SH,2.175124507,1.006943484,2.16012571,1.26326743,1.241696876,0.997587067,0.857243247,20170601,20161230
99,165511.OF,000905.SH,4.908494964,2.264956846,2.167147234,1.034227691,0.985555842,0.986984148,1.234910633,20171121,20170921
415,502022.SH,000016.SH,22.90662448,10.51287709,2.17891109,1.468681319,1.241696876,0.990467377,10.03999622,20171215,20171122
117,530010.OF,000048.SH,2.642762127,1.211774125,2.180903249,1.261535307,1.23532772,0.997909018,1.049008575,20170612,20161230
347,270042.OF,NDX.GI,24.40874854,11.12504211,2.194036507,1.241856243,1,,5.809405704,20170703,20170602
4,159905.SZ,399324.SZ,2.394018616,1.077440631,2.221949449,1.469380744,1.445639644,0.998378369,0.517120903,20170425,20161230
308,512300.SH,h30255.CSI,0.862866952,0.38336388,2.250777909,1.029811196,1.021253749,0.999564039,0.655000043,20171218,20170720
148,040046.OF,NDX.GI,22.87366211,10.15580869,2.252273827,1.226658081,1,,5.391304348,20170703,20170602
339,510010.SH,000021.SH,2.496095321,1.10124145,2.266619479,1.223316303,1.198563027,0.995544553,0.427462755,20170302,20161230
229,513100.SH,NDX.GI,24.63617415,10.85121321,2.270361265,1.244107744,1,,5.460921844,20170703,20170602
129,001553.OF,h30588.CSI,3.049561888,1.339587551,2.276493152,1.118783784,1.088542566,0.997377086,0.733290289,20170220,20161230
569,001595.OF,399986.SZ,3.444215304,1.504331157,2.289532652,1.172737831,1.138583544,0.994697242,1.35230444,20170405,20161230
262,160213.OF,NDX.GI,25.07817145,10.88335848,2.304267705,1.248483397,1,,5.457777778,20170703,20170602
466,161714.SZ,SPBRICNTR.SPI,29.07551708,12.53037632,2.320402543,1.288050314,1,,6.934673367,20171206,20171122
131,150230.SZ,399987.SZ,54.62172361,23.50219882,2.324111204,1.961442786,1.420754211,0.993125604,15.19049359,20171130,20171116
518,000176.OF,000300.SH,7.283566216,3.106556742,2.344578522,1.277989337,1.205773436,0.962429163,2.568165988,20171128,20170925
114,150105.SZ,000300.SH,17.04676882,7.26885011,2.345180952,1.374727838,1.205773436,0.993462505,4.885962162,20171207,20171122
412,001589.OF,000906.SH,2.274524399,0.965584813,2.355592557,1.162063312,1.139507108,0.997043335,1.207490529,20170413,20161230
433,501021.SH,SPHCMSHP.SPI,32.68569738,13.80005975,2.36851854,1.32377629,1,,7.736174683,20171206,20171113
161,003017.OF,399967.SZ,4.020815389,1.696347,2.370278834,0.848592284,0.80872111,0.999361733,0.942643117,20170411,20170330
361,160636.OF,399970.SZ,2.646274492,1.109174239,2.385805945,1.057088787,1.030846373,0.998131523,0.55282825,20171121,20170809
409,160417.OF,000300.SH,2.672464548,1.118496197,2.389337178,1.232275542,1.205773436,0.995237008,1.270696251,20170316,20161230
222,510160.SH,000901.SH,1.63073506,0.679292324,2.400638139,1.154561258,1.138389018,0.997962253,0.779190195,20170824,20170810
29,513600.SH,HSI.HI,27.74854746,11.53517204,2.405559913,1.274916706,1,,6.542128517,20171206,20171122
186,003578.OF,000905.SH,7.549525376,3.132008516,2.410442161,1.060407924,0.985555842,0.975658484,1.987017635,20170612,20170509
512,510510.SH,000905.SH,0.989031463,0.409315239,2.416307452,0.995364469,0.985555842,0.999906217,0.187117474,20170222,20170119
135,000948.OF,HSI.HI,27.44363904,11.33740269,2.420628409,1.271898734,1,,6.334953456,20171206,20171122
232,002907.OF,000905.SH,10.45964492,4.316252307,2.423316381,1.089249493,0.985555842,0.953557831,2.103766448,20171110,20171012
209,513660.SH,HSI.HI,27.88212745,11.48648466,2.427385598,1.276238857,1,,6.504507305,20171206,20171122
255,159939.SZ,000993.SH,2.800994285,1.151711422,2.432027877,0.997520433,0.969743877,0.997802435,1.092464348,20171211,20171208
336,502042.SH,000016.SH,28.75958486,11.81650673,2.433848304,1.52662037,1.241696876,0.987332984,7.187708533,20171215,20171122
74,164705.SZ,HSI.HI,26.51850252,10.8216409,2.450506607,1.262741404,1,,6.082331175,20171206,20171122
21,470007.OF,000001.SH,5.42762372,2.199019783,2.468201405,1.109284065,1.055465727,0.967168152,2.327329767,20170321,20170119
401,502050.SH,000016.SH,19.75550156,7.994551517,2.471120678,1.437478705,1.241696876,0.99563992,5.127669153,20171215,20171122
511,000071.OF,HSI.HI,27.8420167,11.17993679,2.490355467,1.27584185,1,,6.312427805,20171206,20171122
593,000370.OF,SPG120035.SPI,18.64722739,7.463141716,2.498576083,1.184806034,1,,4.262295082,20171115,20171019
9,150170.SZ,HSI.HI,49.35289756,19.74171757,2.499929268,1.488612836,1,,10.8008817,20171206,20171122
37,001237.OF,000016.SH,2.710100246,1.07641998,2.517697828,1.268572164,1.241696876,0.997676865,1.009850047,20170612,20161230
424,159920.SZ,HSI.HI,29.37585015,11.55880932,2.541425274,1.29102269,1,,6.614734618,20171206,20171122
206,165515.OF,000300.SH,3.521095217,1.382511167,2.546883743,1.240689989,1.205773436,0.992439309,0.842626885,20171019,20170914
278,510300.SH,000300.SH,1.365896593,0.527618459,2.588796067,1.21931938,1.205773436,0.998865121,0.492750059,20171227,20170905
35,160633.OF,399975.SZ,2.70013026,1.042695521,2.589567333,0.897131553,0.870355124,0.99827397,0.298811205,20170828,20170818
84,510060.SH,000042.SH,2.869608467,1.102109262,2.603742266,1.198367672,1.16991077,0.995010804,0.780172134,20170602,20170103
315,510650.SH,000038.SH,2.404230605,0.920725918,2.611233766,1.254287282,1.230444921,0.998120714,0.437421159,20170607,20161230
553,150052.SZ,000300.SH,19.05264227,7.262802589,2.623318208,1.394594595,1.205773436,0.991103541,4.764451132,20171218,20171122
257,213010.OF,000903.SH,3.821566118,1.456662053,2.623509078,1.3283859,1.290490217,0.992326567,1.333280801,20170601,20170306
205,512500.SH,000905.SH,1.076406706,0.410220912,2.623968386,0.996230966,0.985555842,0.999734955,0.499527675,20170411,20170119
149,510050.SH,000016.SH,2.073118292,0.787487224,2.632573873,1.262255926,1.241696876,0.99802314,0.324229994,20170607,20161230
85,003876.OF,000300.SH,7.405560644,2.804055156,2.64101818,1.27919855,1.205773436,0.97438164,2.007961914,20171106,20170724
202,161211.OF,000914.SH,3.602311836,1.353701105,2.661083619,1.208003723,1.172281911,0.998154539,0.83896828,20170601,20170505
489,002423.OF,IXY.SPI,20.60141691,7.70839808,2.6725938,1.20415879,1,,4.385964912,20170818,20170602
487,161726.OF,399441.SZ,2.797271338,1.036467164,2.698851866,1.063520871,1.03578123,0.997083064,0.493824329,20171222,20171123
344,585001.OF,000964.SH,2.960381716,1.09383564,2.7064228,1.126019946,1.096662984,0.997500368,1.200127316,20171026,20170717
60,512640.SH,000934.SH,1.719687116,0.634407582,2.71069761,1.168862056,1.151807728,0.998794351,0.274250403,20171227,20170926
268,150270.SZ,399997.SZ,77.86172324,28.57571393,2.724751634,2.490585774,1.720366671,0.99575592,24.49371303,20171130,20171116
525,003718.OF,SP500.SPI,16.6416187,6.100398355,2.727956066,1.164941339,1,,2.571041949,20170413,20170301
407,510500.SH,000905.SH,0.688270271,0.250491016,2.747684455,0.992381782,0.985555842,0.999850684,0.109557562,20171204,20170918
144,240016.OF,000029.SH,3.283655457,1.193599005,2.751054118,1.261516116,1.228953798,0.996623355,0.886633116,20170410,20161230
230,003721.OF,SP50045.SPI,28.80941434,10.41740048,2.765508958,1.285416667,1,,5.527318933,20170703,20170608
107,510230.SH,000018.SH,2.355857916,0.843750555,2.792126065,1.215970099,1.192607396,0.998364283,0.224839745,20171227,20171122
5,159901.SZ,399330.SZ,1.291080186,0.456619698,2.827473697,1.260201968,1.247397959,0.999561818,0.143781419,20170413,20161230
381,180003.OF,DJCN88.GI,27.39453596,9.629403415,2.844884026,1.271412708,1,,6.261373197,20171207,20171122
440,165309.SZ,000300.SH,2.327881118,0.793170515,2.93490627,1.228858723,1.205773436,0.998738998,0.586080253,20171121,20170929
301,162412.OF,399989.SZ,2.215117807,0.7542272,2.936937049,0.872237744,0.850270616,0.998848725,0.346084976,20171013,20170726
467,160639.OF,399807.SZ,3.75086898,1.273026259,2.946419176,0.920574736,0.88338,0.995697472,0.504701808,20170411,20170331
329,000311.OF,000300.SH,11.65164005,3.944749268,2.953708654,1.321278882,1.205773436,0.939688526,2.170480767,20171127,20171116
224,163407.SZ,000300.SH,10.07578369,3.354824188,3.003371599,1.305663082,1.205773436,0.953727249,2.251258848,20170814,20170718
483,161121.OF,399986.SZ,3.977168678,1.321500671,3.009585062,1.178021978,1.138583544,0.995926172,0.63626932,20170601,20170420
306,161030.OF,399804.SZ,3.754797597,1.245435548,3.014846978,0.723171829,0.685938141,0.996562832,0.518736709,20171106,20170929
190,163119.SZ,930629.CSI,3.075711524,1.012789256,3.036872189,0.935199139,0.904698638,0.998095929,0.549161577,20170911,20170907
461,161723.OF,399986.SZ,4.605739533,1.510543902,3.049060359,1.184253871,1.138583544,0.994071681,0.419296726,20170613,20170505
485,000055.OF,NDX.GI,32.0156378,10.43866245,3.067024913,1.317146059,1,,5.343760182,20170703,20170602
496,165312.OF,399550.SZ,4.218601987,1.364476402,3.091736862,1.478151612,1.43631948,0.996385377,1.263494531,20171121,20170927
215,150199.SZ,399396.SZ,73.28587482,23.22522352,3.155443252,2.249507774,1.524461592,0.990230964,14.64047512,20171207,20171116
416,040047.OF,NDX.GI,30.34163549,9.564979461,3.17215898,1.300580616,1,,4.990176817,20170703,20170608
86,040048.OF,NDX.GI,30.34163549,9.564979461,3.17215898,1.300580616,1,,4.990176817,20170703,20170608
217,150077.SZ,000300.SH,20.46710105,6.412963997,3.191519718,1.408602151,1.205773436,0.974559603,3.611148837,20171207,20171122
492,159919.SZ,000300.SH,1.59537969,0.498186229,3.202376136,1.221595074,1.205773436,0.998998073,0.400777184,20171227,20171121
210,100032.OF,000922.SH,5.803715752,1.811098052,3.204528737,1.219879939,1.162333267,0.98484199,0.740227627,20170602,20170522
327,161207.OF,000300.SH,4.559001295,1.421028273,3.208241089,1.250980392,1.205773436,0.990792928,0.828684465,20170612,20170502
119,150136.SZ,000903.SH,52.97240039,16.48710905,3.212958696,1.814878893,1.290490217,0.973521581,10.90646359,20171215,20171122
67,160615.SZ,000300.SH,2.931278678,0.907270607,3.230875832,1.234841828,1.205773436,0.996497603,0.737102939,20170426,20170331
97,163808.OF,000903.SH,4.059996415,1.249244285,3.249961969,1.330749855,1.290490217,0.996171744,0.753277011,20171122,20171115
324,000076.OF,HSI.HI,35.6092818,10.92350219,3.259877755,1.352701917,1,,6.115107914,20171206,20171122
123,000075.OF,HSI.HI,35.6092818,10.92350219,3.259877755,1.352701917,1,,6.115107914,20171206,20171122
150,118002.OF,SPGLGUP.SPI,27.08105959,8.30112822,3.262334815,1.268309859,1,,3.00245098,20170811,20170808
199,410008.OF,000903.SH,3.714588016,1.101746468,3.371545201,1.327325234,1.290490217,0.997025142,1.002324284,20170407,20161230
568,161017.SZ,000905.SH,9.162615065,2.63500994,3.477260152,1.07639569,0.985555842,0.982656383,1.686256661,20170608,20170511
369,320010.OF,000903.SH,6.052695185,1.703261797,3.553590643,1.350505051,1.290490217,0.98981493,1.096949512,20171225,20171124
325,159916.SZ,399701.SZ,3.306374955,0.922701225,3.583364652,1.43036737,1.397579784,0.998702699,0.280236303,20170613,20170609
598,002973.OF,000986.SH,6.648377437,1.835528911,3.622049969,1.072585556,1.006665849,0.993457166,0.40995694,20171225,20171123
354,510330.SH,000300.SH,1.931819656,0.530204894,3.643534186,1.224931342,1.205773436,0.998847812,0.410617006,20171227,20171121
351,510180.SH,000010.SH,1.912977485,0.517766992,3.694668672,1.205680642,1.18670958,0.998798807,0.201531946,20171207,20170905
156,240014.OF,000903.SH,3.146719311,0.851345119,3.696173551,1.321694782,1.290490217,0.998029008,0.818147541,20171122,20171116
151,159943.SZ,399001.SZ,1.195605072,0.319626131,3.740636186,1.083986882,1.07212968,0.999766459,0.298004588,20170411,20161230
170,160516.OF,399966.SZ,3.069759585,0.819023575,3.748072312,1.11819618,1.087754695,0.998963997,0.684017299,20170601,20170418
321,510280.SH,000028.SH,4.04062593,1.072629164,3.767029711,1.290416971,1.250349384,0.996072805,0.36807445,20170327,20161230
546,002316.OF,000905.SH,11.99316966,3.178066671,3.773731296,1.104445404,0.985555842,0.974018477,2.055982142,20170914,20170717
574,510360.SH,000300.SH,2.057622736,0.543427818,3.786377265,1.22617883,1.205773436,0.998865101,0.406321521,20171222,20170904
34,510630.SH,000036.SH,2.798415143,0.732073579,3.822587268,1.437899175,1.410148193,0.999182972,0.412243137,20171115,20171107
322,512070.SH,h30035.CSI,2.418878541,0.621584419,3.891472286,1.219274242,1.195286634,0.999431549,0.276235024,20171218,20171121
554,510430.SH,000050.SH,3.057255258,0.780948447,3.914797796,1.130757801,1.100440301,0.997118139,0.540161536,20170605,20161230
78,310398.OF,000919.SH,3.994349048,1.011430596,3.949207255,1.354825291,1.315216521,0.99831991,0.441973893,20170612,20170518
304,160137.OF,h30535.CSI,3.869332059,0.974270212,3.971518385,1.134781471,1.096412202,0.997815944,0.58756619,20171121,20171030
18,510310.SH,000300.SH,2.00312576,0.493908365,4.055662755,1.225638429,1.205773436,0.999009194,0.372008007,20171227,20171113
100,460220.OF,000046.SH,3.679474642,0.903372388,4.073043067,1.082093933,1.045607061,0.998493766,1.333937123,20170413,20161231
506,159928.SZ,000932.SH,3.499951618,0.851891437,4.108447936,1.563029227,1.528322313,0.999132558,0.310372296,20171207,20171116
285,000593.OF,SPGLGUP.SPI,34.82016271,8.416029434,4.137362277,1.344894968,1,,3.19047619,20170208,20170126
555,510020.SH,000043.SH,3.507567553,0.835535418,4.197987873,1.197683845,1.162901419,0.997103829,0.473402557,20170411,20161230
38,510880.SH,000015.SH,4.118528885,0.973451899,4.230849914,1.192849561,1.152009601,0.994869211,0.356693447,20171215,20171122
439,502020.SH,000016.SH,5.230597803,1.228325727,4.258314948,1.293561982,1.241696876,0.994907818,0.809822745,20170327,20161230
270,512660.SH,399967.SZ,4.500387757,1.046835953,4.299038207,0.85334696,0.80872111,0.999156724,0.502177994,20170523,20170414
349,162216.OF,000905.SH,11.71775177,2.698997769,4.34151962,1.101716376,0.985555842,0.981287784,0.992635103,20170524,20170424
207,200002.OF,000300.SH,2.852417833,0.645714929,4.417456842,1.234059884,1.205773436,0.998775362,0.318213829,20171122,20171115
587,002982.OF,399812.SZ,3.540035374,0.789669055,4.482935416,1.107425125,1.072320781,0.997735203,1.034707305,20171215,20171114
588,160628.OF,399965.SZ,7.820883986,1.736634857,4.503470579,1.156693814,1.079152086,0.994541388,0.807168387,20170412,20170407
282,510410.SH,000068.SH,3.921921419,0.857678612,4.572716826,1.185873606,1.14698293,0.999019366,0.473401296,20170405,20161230
49,001214.OF,000905.SH,3.345563618,0.713801601,4.686965694,1.018731988,0.985555842,0.999704079,0.176451901,20171211,20171127
146,502056.SH,399989.SZ,4.130282894,0.859472467,4.805602335,0.891227111,0.850270616,0.998526281,0.292645335,20171010,20170928
556,512680.SH,399967.SZ,3.758770578,0.770511589,4.878279098,0.845994188,0.80872111,0.999543771,0.464069437,20170104,20161230
583,165519.OF,000841.SH,6.679067033,1.354778192,4.930007783,1.208685626,1.142461708,0.994127932,0.70182822,20170821,20170818
311,002977.OF,000989.SH,3.960796099,0.792260637,4.999359952,1.029941608,0.990665502,0.999089041,0.184243066,20170222,20170116
294,162413.OF,000852.SH,3.019156735,0.593056568,5.090841071,0.847588164,0.817648424,0.999671709,0.470279167,20171113,20170717
473,002979.OF,000992.SH,4.750588957,0.933082692,5.091283977,1.18476407,1.137657695,0.997716247,0.336423659,20171226,20171115
90,159945.SZ,000986.SH,8.648765223,1.682520681,5.14036191,1.092413006,1.006665849,0.995248863,0.423294232,20171215,20171129
22,510680.SH,000016.SH,4.568022618,0.879186423,5.195738352,1.286993271,1.241696876,0.99766815,1.522302646,20170327,20161230
192,510030.SH,000029.SH,4.769939992,0.915502206,5.210189513,1.276252019,1.228953798,0.997342587,0.499797985,20170410,20161230
44,159948.SZ,399006.SZ,2.862714876,0.540289717,5.29848114,0.917880795,0.889492246,0.999641309,0.340986219,20171205,20171113
246,510090.SH,000048.SH,4.781715141,0.893402839,5.352249774,1.282742681,1.23532772,0.997912561,0.454819526,20170515,20161230
502,160517.OF,399986.SZ,6.667832627,1.237094427,5.389914043,1.204696102,1.138583544,0.996074115,0.174989443,20170221,20170217
142,159903.SZ,399001.SZ,1.869606527,0.318211557,5.875357083,1.090670663,1.07212968,0.99980526,0.13404269,20171207,20171121
438,160616.SZ,000905.SH,4.679390563,0.777142838,6.021274767,1.031956352,0.985555842,0.998845706,0.242036234,20171225,20171212
603,003647.OF,000852.SH,15.89761219,2.621600116,6.064087384,0.975219986,0.817648424,0.980942641,1.074502664,20170209,20170126
143,159925.SZ,000300.SH,3.2027634,0.519970686,6.159507619,1.237533693,1.205773436,0.999021964,0.458409486,20171215,20171122
358,512810.SH,399967.SZ,6.147233938,0.975511295,6.301550754,0.869673104,0.80872111,0.999137297,0.516543731,20170717,20170629
271,510710.SH,000016.SH,5.350593714,0.847384385,6.314246297,1.294751575,1.241696876,0.997947462,0.282961329,20171207,20171122
591,202025.OF,000009.SH,3.761329208,0.585720287,6.421715777,1.02893099,0.991632543,0.999820275,0.16375681,20171214,20171205
198,512880.SH,399975.SZ,4.928298215,0.74693849,6.597997401,0.919223301,0.870355124,0.99949705,0.518010637,20171225,20171122
545,510560.SH,000905.SH,2.059922725,0.308033927,6.687324164,1.005984043,0.985555842,0.999777425,0.244089527,20171218,20171208
256,159933.SZ,000914.SH,5.203057142,0.776262244,6.702705408,1.223873988,1.172281911,0.998310301,0.251265184,20170601,20170505
92,159922.SZ,000905.SH,2.055303969,0.291894383,7.041259065,1.005938242,0.985555842,0.999818497,0.103273325,20171218,20171123
46,512330.SH,h30257.CSI,3.825308158,0.530310279,7.213339639,0.995180425,0.957247641,0.99979024,0.320822931,20170511,20170502
390,160135.OF,399807.SZ,5.621405348,0.772093075,7.280735351,0.939119377,0.88338,0.998382362,0.284020136,20170601,20170522
101,160634.OF,000827.SH,5.773316326,0.792020468,7.289352432,1.040536913,0.983291598,0.99846635,0.189886437,20170609,20170608
470,159935.SZ,000905.SH,2.390275663,0.324488514,7.366287422,1.009259827,0.985555842,0.999748133,0.460130367,20170406,20161230
580,512000.SH,399975.SZ,5.518536224,0.719083356,7.674404054,0.925074719,0.870355124,0.999498961,0.550715902,20171225,20171122
570,502010.SH,399975.SZ,5.735202298,0.680889471,8.423103226,0.927222605,0.870355124,0.99947943,0.126489081,20170719,20170718
477,510220.SH,000046.SH,4.386829045,0.51624221,8.497617909,1.089107059,1.045607061,0.999048903,0.429665811,20170329,20161230
56,510130.SH,000044.SH,3.965638966,0.462824654,8.568339928,1.138796543,1.099472422,0.998836627,0.094205103,20170508,20170505
42,090010.OF,000922.SH,8.771591221,1.019046244,8.607647863,1.249297753,1.162333267,0.994976677,0.158951115,20170220,20170217
79,159936.SZ,000989.SH,4.726598316,0.54401086,8.68842639,1.037534033,0.990665502,0.999129797,0.269525323,20171207,20171121
218,159907.SZ,399008.SZ,2.206125217,0.248625207,8.873296648,1.056153486,1.034275529,0.999829664,0.085971824,20171011,20170928
435,159944.SZ,000987.SH,5.943702283,0.649951528,9.144839311,1.101110462,1.042176082,0.999543974,0.425827794,20171215,20171114
537,159940.SZ,000992.SH,7.743294542,0.82390788,9.398252805,1.21443038,1.137657695,0.998606349,0.481453007,20171218,20171122
226,159938.SZ,000991.SH,2.120547406,0.22532314,9.411139083,1.059090199,1.038060836,0.999854102,0.043582467,20171123,20171116
52,512510.SH,000905.SH,3.71169805,0.394094757,9.418288324,1.022362205,0.985555842,0.999714423,0.262460146,20171218,20171122
441,502000.SH,000982.SH,7.642731629,0.773518138,9.880481464,1.030414439,0.95463851,0.998952638,0.147794979,20170120,20170119
601,510290.SH,000009.SH,4.021643059,0.368538456,10.9124109,1.031511923,0.991632543,0.999830192,0.141593703,20171212,20171201
534,512100.SH,000852.SH,4.188461613,0.366863589,11.41694555,0.859181732,0.817648424,0.999775479,0.140532311,20171205,20171116
167,510660.SH,000037.SH,7.735933662,0.540776197,14.3052407,1.239325918,1.162626192,0.999400191,0.209774529,20171129,20171122
